-- Lien Hue Tien 22110433 --
-- Dumping data for table db_mobile_midterm.oauth2_registered_client: ~5 rows (approximately)
INSERT INTO `oauth2_registered_client` (`id`, `client_id`, `client_id_issued_at`, `client_secret`,
                                        `client_secret_expires_at`, `client_name`, `client_authentication_methods`,
                                        `authorization_grant_types`, `redirect_uris`, `post_logout_redirect_uris`,
                                        `scopes`, `client_settings`, `token_settings`)
VALUES ('aa6de5a0-61a1-44ba-911c-6eec251200b0', 'super_admin', '2025-03-10T03:18:18',
        '$2a$12$mp9n9/fCtOI5hDDuUx3uMOYYepGUwlXzY5A1F4x5pLiz9Q8uhRguW', NULL, NULL, 'client_secret_basic',
        'authorization_code,refresh_token', '/api/oauth2/callback', NULL, 'openid,profile,email',
        '{"@class": "java.util.LinkedHashMap", "requireProofKey": false, "requireAuthorizationConsent": false}',
        '{"@class": "java.util.LinkedHashMap", "accessTokenTimeToLive": null, "refreshTokenTimeToLive": null}'),
       ('b1284a3a-d525-48fa-a52c-ddd4aca84a89', 'admin', '2025-03-10T03:18:18',
        '$2a$12$mp9n9/fCtOI5hDDuUx3uMOYYepGUwlXzY5A1F4x5pLiz9Q8uhRguW', NULL, NULL, 'client_secret_basic',
        'authorization_code,refresh_token', '/api/oauth2/callback', NULL, 'openid,profile,email',
        '{"@class": "java.util.LinkedHashMap", "requireProofKey": false, "requireAuthorizationConsent": false}',
        '{"@class": "java.util.LinkedHashMap", "accessTokenTimeToLive": null, "refreshTokenTimeToLive": null}'),
       ('c420383c-860f-4144-a75a-75086035fdb7', 'manager', '2025-03-10T03:18:18',
        '$2a$12$mp9n9/fCtOI5hDDuUx3uMOYYepGUwlXzY5A1F4x5pLiz9Q8uhRguW', NULL, NULL, 'client_secret_basic',
        'authorization_code,refresh_token', '/api/oauth2/callback', NULL, 'openid,profile,email',
        '{"@class": "java.util.LinkedHashMap", "requireProofKey": false, "requireAuthorizationConsent": false}',
        '{"@class": "java.util.LinkedHashMap", "accessTokenTimeToLive": null, "refreshTokenTimeToLive": null}'),
       ('c421ad30-ca04-4d0f-8f18-e7953c42da5c', 'internal', '2025-03-10T03:18:18',
        '$2a$12$mp9n9/fCtOI5hDDuUx3uMOYYepGUwlXzY5A1F4x5pLiz9Q8uhRguW', NULL, NULL, 'client_secret_basic',
        'authorization_code,refresh_token', '/api/oauth2/callback', NULL, 'openid,profile,email',
        '{"@class": "java.util.LinkedHashMap", "requireProofKey": false, "requireAuthorizationConsent": false}',
        '{"@class": "java.util.LinkedHashMap", "accessTokenTimeToLive": null, "refreshTokenTimeToLive": null}'),
       ('2f1e6400-9632-4e36-9c05-af642db77b3d', 'user', '2025-03-10T03:18:18',
        '$2a$12$mp9n9/fCtOI5hDDuUx3uMOYYepGUwlXzY5A1F4x5pLiz9Q8uhRguW', NULL, NULL, 'client_secret_basic',
        'authorization_code,refresh_token', '/api/oauth2/callback', NULL, 'openid,profile,email',
        '{"@class": "java.util.LinkedHashMap", "requireProofKey": false, "requireAuthorizationConsent": false}',
        '{"@class": "java.util.LinkedHashMap", "accessTokenTimeToLive": null, "refreshTokenTimeToLive": null}');

-- Dumping data for table db_mobile_midterm.db_mobile_midterm_group: ~5 rows (approximately)
INSERT INTO `db_mobile_midterm_group` (`id`, `created_by`, `created_date`, `modified_by`, `modified_date`, `status`,
                                       `description`, `kind`, `name`, `is_system_group`)
VALUES (8274172085239808, 'super_admin', '2025-03-10T15:08:32', 'super_admin', '2025-03-10T15:08:32', 1,
        'Role for super admin', 1, ' ROLE SUPER ADMIN', b'1'),
       (8274172436414464, 'super_admin', '2025-03-10T15:08:34', 'super_admin', '2025-03-10T15:08:34', 1,
        'Role for admin', 2, ' ROLE ADMIN', b'1'),
       (8274172862824448, 'super_admin', '2025-03-10T15:08:47', 'super_admin', '2025-03-10T15:08:47', 1,
        'Role for manager', 3, ' ROLE MANAGER', b'1'),
       (8274173363322880, 'super_admin', '2025-03-10T15:09:02', 'super_admin', '2025-03-10T15:09:02', 1,
        'Role for internal user', 4, ' ROLE INTERNAL', b'1'),
       (8274173680582656, 'super_admin', '2025-03-10T15:09:12', 'super_admin', '2025-03-10T15:09:12', 1,
        'Role for user', 5, ' ROLE USER', b'1');

-- Dumping data for table db_mobile_midterm.db_mobile_midterm_permission: ~22 rows (approximately)
INSERT INTO `db_mobile_midterm_permission` (`id`, `created_by`, `created_date`, `modified_by`, `modified_date`, `status`, `action`, `code`, `description`, `name`, `name_group`, `show_menu`) VALUES
      (8274175207243776, 'super_admin', '2025-03-10 15:09:59', 'super_admin', '2025-03-10 15:09:59', 1, '/api/v1/account/list', 'ACC_LIS', 'List account', 'List account', 'Account', b'0'),
      (8274175633620992, 'super_admin', '2025-03-10 15:10:12', 'super_admin', '2025-03-10 15:10:12', 1, '/api/v1/account/get', 'ACC_GET', 'Get account', 'Get account', 'Account', b'0'),
      (8274176145981440, 'super_admin', '2025-03-10 15:10:27', 'super_admin', '2025-03-10 15:10:27', 1, '/api/v1/account/create', 'ACC_CRE', 'Create account', 'Create account', 'Account', b'0'),
      (8274176672759808, 'super_admin', '2025-03-10 15:10:43', 'super_admin', '2025-03-10 15:10:43', 1, '/api/v1/account/update', 'ACC_UPD', 'Update account', 'Update account', 'Account', b'0'),
      (8274177328185344, 'super_admin', '2025-03-10 15:11:03', 'super_admin', '2025-03-10 15:11:03', 1, '/api/v1/account/delete', 'ACC_DEL', 'Delete account', 'Delete account', 'Account', b'0'),
      (8286933868337983, 'super_admin', '2025-03-10 03:24:25', 'super_admin', '2025-03-10 03:24:25', 1, '/api/v1/group/add-permission', 'GRO_PER_ADD', 'Group add permissions', 'Group add permissions', 'Group', b'0'),
      (8286938957348864, 'super_admin', '2025-03-10 03:21:57', 'super_admin', '2025-03-10 03:21:57', 1, '/api/v1/group/list', 'GRO_LIS', 'List group', 'List group', 'Group', b'0'),
      (8286942226737843, 'super_admin', '2025-03-10 03:24:25', 'super_admin', '2025-03-10 03:24:25', 1, '/api/v1/group/remove-permission', 'GRO_PER_REM', 'Group remove permissions', 'Group remove permissions', 'Group', b'0'),
      (8286942415224832, 'super_admin', '2025-03-10 03:23:43', 'super_admin', '2025-03-10 03:23:43', 1, '/api/v1/group/get', 'GRO_GET', 'Get group', 'Get group', 'Group', b'0'),
      (8286942975426560, 'super_admin', '2025-03-10 03:24:00', 'super_admin', '2025-03-10 03:24:00', 1, '/api/v1/group/create', 'GRO_CRE', 'Create group', 'Create group', 'Group', b'0'),
      (8286943786663936, 'super_admin', '2025-03-10 03:24:25', 'super_admin', '2025-03-10 03:24:25', 1, '/api/v1/group/update', 'GRO_UPD', 'Update group', 'Update group', 'Group', b'0'),
      (8286944394838016, 'super_admin', '2025-03-10 03:24:43', 'super_admin', '2025-03-10 03:24:43', 1, '/api/v1/group/delete', 'GRO_DEL', 'Delete group', 'Delete group', 'Group', b'0'),
      (8286946225651712, 'super_admin', '2025-03-10 03:25:39', 'super_admin', '2025-03-10 03:25:39', 1, '/api/v1/permission/list', 'PER_LIS', 'List permission', 'List permission', 'Permission', b'0'),
      (8286946657402880, 'super_admin', '2025-03-10 03:25:52', 'super_admin', '2025-03-10 03:25:52', 1, '/api/v1/permission/get', 'PER_GET', 'Get permission', 'Get permission', 'Permission', b'0'),
      (8286947141156864, 'super_admin', '2025-03-10 03:26:07', 'super_admin', '2025-03-10 03:26:07', 1, '/api/v1/permission/create', 'PER_CRE', 'Create permission', 'Create permission', 'Permission', b'0'),
      (8286947649257472, 'super_admin', '2025-03-10 03:26:23', 'super_admin', '2025-03-10 03:26:23', 1, '/api/v1/permission/update', 'PER_UPD', 'Update permission', 'Update permission', 'Permission', b'0'),
      (8286948333322240, 'super_admin', '2025-03-10 03:26:43', 'super_admin', '2025-03-10 03:26:43', 1, '/api/v1/permission/delete', 'PER_DEL', 'Delete permission', 'Delete permission', 'Permission', b'0'),
      (8286950156173312, 'super_admin', '2025-03-10 03:27:39', 'super_admin', '2025-03-10 03:27:39', 1, '/api/v1/user/list', 'USE_LIS', 'List user', 'List user', 'User', b'0'),
      (8286950515507200, 'super_admin', '2025-03-10 03:27:50', 'super_admin', '2025-03-10 03:27:50', 1, '/api/v1/user/get', 'USE_GET', 'Get user', 'Get user', 'User', b'0'),
      (8286951021084672, 'super_admin', '2025-03-10 03:28:05', 'super_admin', '2025-03-10 03:28:05', 1, '/api/v1/user/create', 'USE_CRE', 'Create user', 'Create user', 'User', b'0'),
      (8286951655669760, 'super_admin', '2025-03-10 03:28:25', 'super_admin', '2025-03-10 03:28:25', 1, '/api/v1/user/update', 'USE_UPD', 'Update user', 'Update user', 'User', b'0'),
      (8286952140406784, 'super_admin', '2025-03-10 03:28:40', 'super_admin', '2025-03-10 03:28:40', 1, '/api/v1/user/delete', 'USE_DEL', 'Delete user', 'Delete user', 'User', b'0'),
      (8303866449461248, 'super_admin', '2025-03-21 09:51:43', 'super_admin', '2025-03-21 09:51:43', 1, '/api/v1/category/list', 'CAT_LIS', 'Get category', 'Get acategory', 'Category', b'0'),
      (8303867605483520, 'super_admin', '2025-03-21 09:52:19', 'super_admin', '2025-03-21 09:52:19', 1, '/api/v1/category/get', 'CAT_GET', 'Get category', 'Get acategory', 'Category', b'0'),
      (8303868607266816, 'super_admin', '2025-03-21 09:52:49', 'super_admin', '2025-03-21 09:52:49', 1, '/api/v1/category/create', 'CAT_CRE', 'create category', 'create acategory', 'Category', b'0'),
      (8303869972905984, 'super_admin', '2025-03-21 09:53:31', 'super_admin', '2025-03-21 09:53:31', 1, '/api/v1/category/update', 'CAT_UDP', 'update category', 'update acategory', 'Category', b'0'),
      (8303871379439616, 'super_admin', '2025-03-21 09:54:14', 'super_admin', '2025-03-21 09:54:14', 1, '/api/v1/category/delete', 'CAT_DEL', 'delete category', 'delete acategory', 'Category', b'0'),
      (8303873122369536, 'super_admin', '2025-03-21 09:55:07', 'super_admin', '2025-03-21 09:55:07', 1, '/api/v1/product/list', 'PRO_LIS', 'PRO_LIS', 'PRO_LIS', 'Product', b'0'),
      (8303874089385984, 'super_admin', '2025-03-21 09:55:36', 'super_admin', '2025-03-21 09:55:36', 1, '/api/v1/product/get', 'PRO_GET', 'PRO_GET', 'PRO_GET', 'Product', b'0'),
      (8303874816114688, 'super_admin', '2025-03-21 09:55:59', 'super_admin', '2025-03-21 09:55:59', 1, '/api/v1/product/create', 'PRO_CRE', 'PRO_CRE', 'PRO_CRE', 'Product', b'0'),
      (8303875624337408, 'super_admin', '2025-03-21 09:56:23', 'super_admin', '2025-03-21 09:56:23', 1, '/api/v1/product/update', 'PRO_UDP', 'PRO_UDP', 'PRO_UDP', 'Product', b'0'),
      (8303876366303232, 'super_admin', '2025-03-21 09:56:46', 'super_admin', '2025-03-21 09:56:46', 1, '/api/v1/product/delete', 'PRO_DEL', 'PRO_DEL', 'PRO_DEL', 'Product', b'0');

-- Dumping data for table db_mobile_midterm.db_mobile_midterm_account: ~ rows (approximately)
INSERT INTO `db_mobile_midterm_account` (`id`, `created_by`, `created_date`, `modified_by`, `modified_date`, `status`,
                                         `avatar_path`, `email`, `is_super_admin`, `password`, `phone`, `username`,
                                         `group_id`, `verified`)
VALUES (8274182432555008, 'super_admin', '2025-03-10T15:15:25', 'super_admin', '2025-03-10T15:15:25', 1,
        '/image/avatar/super_admin', 'super_admin@gmail.com', b'1',
        '$2a$12$mp9n9/fCtOI5hDDuUx3uMOYYepGUwlXzY5A1F4x5pLiz9Q8uhRguW', '0123456789', 'super_admin', 8274172085239808,
        b'1'),
       (8274185907273728, 'super_admin', '2025-03-10T15:16:25', 'super_admin', '2025-03-10T15:16:25', 1,
        '/image/avatar/admin', 'admin@gmail.com', b'0', '$2a$12$mp9n9/fCtOI5hDDuUx3uMOYYepGUwlXzY5A1F4x5pLiz9Q8uhRguW',
        '0987654321', 'admin', 8274172436414464, b'1'),
       (8274188362824639, 'super_admin', '2025-03-10T15:16:25', 'super_admin', '2025-03-10T15:16:25', 1,
        '/image/avatar/admin', 'manager@gmail.com', b'0',
        '$2a$12$mp9n9/fCtOI5hDDuUx3uMOYYepGUwlXzY5A1F4x5pLiz9Q8uhRguW', '0538227546', 'manager', 8274172862824448,
        b'1'),
       (8274180735929377, 'super_admin', '2025-03-10T15:16:25', 'super_admin', '2025-03-10T15:16:25', 1,
        '/image/avatar/admin', 'internal@gmail.com', b'0',
        '$2a$12$mp9n9/fCtOI5hDDuUx3uMOYYepGUwlXzY5A1F4x5pLiz9Q8uhRguW', '0735289218', 'internal', 8274173363322880,
        b'1'),
       (8274185907263427, 'super_admin', '2025-03-10T15:17:25', 'super_admin', '2025-03-10T15:17:25', 1,
        '/image/avatar/user', 'user@gmail.com', b'0', '$2a$12$mp9n9/fCtOI5hDDuUx3uMOYYepGUwlXzY5A1F4x5pLiz9Q8uhRguW',
        '0246813579', 'user', 8274173680582656, b'0');

-- Dumping data for table db_mobile_midterm.db_mobile_midterm_user: ~5 rows (approximately)
INSERT INTO `db_mobile_midterm_user` (`id`, `created_by`, `created_date`, `modified_by`, `modified_date`, `status`,
                                      `birthday`, `gender`, `full_name`)
VALUES (8274182432555008, 'super_admin', '2025-03-10T15:15:25', 'super_admin', '2025-03-10T15:15:25', 1,
        '2000-03-25T00:00:00', 1, 'Super Admin'),
       (8274185907273728, 'super_admin', '2025-03-10T15:15:25', 'super_admin', '2025-03-10T15:15:25', 1,
        '2000-11-25T00:00:00', 1, 'Admin'),
       (8274188362824639, 'super_admin', '2025-03-10T15:15:25', 'super_admin', '2025-03-10T15:15:25', 1,
        '2000-06-10T00:00:00', 1, 'Manager'),
       (8274180735929377, 'super_admin', '2025-03-10T15:15:25', 'super_admin', '2025-03-10T15:15:25', 1,
        '2000-05-15T00:00:00', 1, 'Internal'),
       (8274185907263427, 'super_admin', '2025-03-10T15:15:25', 'super_admin', '2025-03-10T15:15:25', 1,
        '2000-11-09T00:00:00', 1, 'User');

-- Dumping data for table db_mobile_midterm.db_mobile_midterm_permission_group: ~60 rows (approximately)
INSERT INTO `db_mobile_midterm_permission_group` (`group_id`, `permission_id`) VALUES
        (8274172436414464, 8274175207243776),
        (8274172436414464, 8274175633620992),
        (8274172436414464, 8274176145981440),
        (8274172436414464, 8274176672759808),
        (8274172436414464, 8274177328185344),
        (8274172436414464, 8286938957348864),
        (8274172436414464, 8286942415224832),
        (8274172436414464, 8286942975426560),
        (8274172436414464, 8286943786663936),
        (8274172436414464, 8286946225651712),
        (8274172436414464, 8286946657402880),
        (8274172436414464, 8286947141156864),
        (8274172436414464, 8286947649257472),
        (8274172436414464, 8286950156173312),
        (8274172436414464, 8286950515507200),
        (8274172436414464, 8286951021084672),
        (8274172436414464, 8286951655669760),
        (8274172436414464, 8286952140406784),
        (8274172862824448, 8274175207243776),
        (8274172862824448, 8274175633620992),
        (8274172862824448, 8274176145981440),
        (8274172862824448, 8274176672759808),
        (8274172862824448, 8286938957348864),
        (8274172862824448, 8286942415224832),
        (8274172862824448, 8286946225651712),
        (8274172862824448, 8286946657402880),
        (8274172862824448, 8286950156173312),
        (8274172862824448, 8286950515507200),
        (8274172862824448, 8286951021084672),
        (8274172862824448, 8286951655669760),
        (8274173363322880, 8274175207243776),
        (8274173363322880, 8274175633620992),
        (8274173363322880, 8286938957348864),
        (8274173363322880, 8286942415224832),
        (8274173363322880, 8286946225651712),
        (8274173363322880, 8286946657402880),
        (8274173363322880, 8286950156173312),
        (8274173363322880, 8286950515507200),
        (8274172085239808, 8274175207243776),
        (8274172085239808, 8274175633620992),
        (8274172085239808, 8274176145981440),
        (8274172085239808, 8274176672759808),
        (8274172085239808, 8274177328185344),
        (8274172085239808, 8286938957348864),
        (8274172085239808, 8286942415224832),
        (8274172085239808, 8286942975426560),
        (8274172085239808, 8286943786663936),
        (8274172085239808, 8286933868337983),
        (8274172085239808, 8286942226737843),
        (8274172085239808, 8286944394838016),
        (8274172085239808, 8286946225651712),
        (8274172085239808, 8286946657402880),
        (8274172085239808, 8286947141156864),
        (8274172085239808, 8286947649257472),
        (8274172085239808, 8286948333322240),
        (8274172085239808, 8286950156173312),
        (8274172085239808, 8286950515507200),
        (8274172085239808, 8286951021084672),
        (8274172085239808, 8286951655669760),
        (8274172085239808, 8286952140406784),
        (8274172085239808, 8303866449461248),
        (8274172085239808, 8303867605483520),
        (8274172085239808, 8303868607266816),
        (8274172085239808, 8303869972905984),
        (8274172085239808, 8303871379439616),
        (8274172085239808, 8303873122369536),
        (8274172085239808, 8303874089385984),
        (8274172085239808, 8303874816114688),
        (8274172085239808, 8303875624337408),
        (8274172085239808, 8303876366303232);

-- Dumping data for table db_mobile_midterm.db_mobile_midterm_category: ~3 rows (approximately)
INSERT INTO `db_mobile_midterm_category` (`id`, `description`, `image`, `kind`, `name`, `created_by`, `created_date`, `modified_by`, `modified_date`, `status`) VALUES
        (8303685690195968, 'Beef', 'https://www.themealdb.com/images/category/beef.png', 1, 'Beef', 'super_admin', '2025-03-21 08:19:47.027849', 'super_admin', '2025-03-21 08:19:47.027849', 1),
        (8303686787563520, 'Chicken', 'https://www.themealdb.com/images/category/chicken.png', 2, 'Chicken', 'super_admin', '2025-03-21 08:20:20.491884', 'super_admin', '2025-03-21 08:20:20.491884', 1),
        (8303687404716032, 'Dessert', 'https://www.themealdb.com/images/category/dessert.png', 3, 'Dessert', 'super_admin', '2025-03-21 08:20:39.325778', 'super_admin', '2025-03-21 08:20:39.325778', 1),
        (8303765682356224, 'General foods that do not fit into another category.', 'https://www.themealdb.com/images/category/miscellaneous.png', 5, 'Miscellaneous', 'super_admin', '2025-03-21 09:00:28.189718', 'super_admin', '2025-03-21 09:00:28.189718', 1),
        (8303780592648192, 'Lamb, hogget, and mutton are the meat of domestic sheep (species Ovis aries) at different ages...', 'https://www.themealdb.com/images/category/lamb.png', 4, 'Lamb', 'super_admin', '2025-03-21 09:08:03.196298', 'super_admin', '2025-03-21 09:08:03.196298', 1);

-- Dumping data for table db_mobile_midterm.db_mobile_midterm_product: ~1 rows (approximately)
INSERT INTO `db_mobile_midterm_product` (`id`, `created_by`, `created_date`, `modified_by`, `modified_date`, `status`, `description`, `image`, `name`, `category_id`) VALUES
      (8303771937505280, 'super_admin', '2025-03-21 09:03:39.068965', 'super_admin', '2025-03-21 09:03:39.068965', 1, 'Juicy grilled steak with garlic butter.', 'https://www.themealdb.com/images/media/meals/steak.jpg', 'Grilled Steak', 8303685690195968),
      (8303772600827904, 'super_admin', '2025-03-21 09:03:59.304850', 'super_admin', '2025-03-21 09:03:59.304850', 1, 'Classic Russian beef dish with creamy sauce.', 'https://www.themealdb.com/images/media/meals/stroganoff.jpg', 'Beef Stroganoff', 8303685690195968),
      (8303772925755392, 'super_admin', '2025-03-21 09:04:09.221068', 'super_admin', '2025-03-21 09:04:09.221068', 1, 'Mexican-style beef tacos with fresh toppings.', 'https://www.themealdb.com/images/media/meals/tacos.jpg', 'Beef Tacos', 8303685690195968),
      (8303773124493312, 'super_admin', '2025-03-21 09:04:15.286427', 'super_admin', '2025-03-21 09:04:15.286427', 1, 'Delicious homemade beef burger with cheese.', 'https://www.themealdb.com/images/media/meals/burger.jpg', 'Beef Burger', 8303685690195968),
      (8303773369597952, 'super_admin', '2025-03-21 09:04:22.766256', 'super_admin', '2025-03-21 09:04:22.766256', 1, 'Slow-cooked beef stew with vegetables.', 'https://www.themealdb.com/images/media/meals/stew.jpg', 'Beef Stew', 8303685690195968),
      (8303774674092032, 'super_admin', '2025-03-21 09:05:02.575340', 'super_admin', '2025-03-21 09:05:02.575340', 1, 'Tender grilled chicken with herbs.', 'https://www.themealdb.com/images/media/meals/grilled_chicken.jpg', 'Grilled Chicken', 8303686787563520),
      (8303774883774464, 'super_admin', '2025-03-21 09:05:08.974816', 'super_admin', '2025-03-21 09:05:08.974816', 1, 'Spicy and flavorful chicken curry.', 'https://www.themealdb.com/images/media/meals/chicken_curry.jpg', 'Chicken Curry', 8303686787563520),
      (8303775092998144, 'super_admin', '2025-03-21 09:05:15.359387', 'super_admin', '2025-03-21 09:05:15.359387', 1, 'Crispy fried chicken with secret spices.', 'https://www.themealdb.com/images/media/meals/fried_chicken.jpg', 'Fried Chicken', 8303686787563520),
      (8303775300452352, 'super_admin', '2025-03-21 09:05:21.691306', 'super_admin', '2025-03-21 09:05:21.691306', 1, 'Fresh salad with grilled chicken and Caesar dressing.', 'https://www.themealdb.com/images/media/meals/caesar_salad.jpg', 'Chicken Caesar Salad', 8303686787563520),
      (8303775487852544, 'super_admin', '2025-03-21 09:05:27.409092', 'super_admin', '2025-03-21 09:05:27.409092', 1, 'Creamy Alfredo pasta with grilled chicken.', 'https://www.themealdb.com/images/media/meals/chicken_alfredo.jpg', 'Chicken Alfredo Pasta', 8303686787563520),
      (8303777824210944, 'super_admin', '2025-03-21 09:06:38.709046', 'super_admin', '2025-03-21 09:06:38.709046', 1, 'Rich and moist chocolate cake.', 'https://www.themealdb.com/images/media/meals/chocolate_cake.jpg', 'Chocolate Cake', 8303687404716032),
      (8303778083274752, 'super_admin', '2025-03-21 09:06:46.616459', 'super_admin', '2025-03-21 09:06:46.616459', 1, 'Creamy cheesecake with a graham cracker crust.', 'https://www.themealdb.com/images/media/meals/cheesecake.jpg', 'Cheesecake', 8303687404716032),
      (8303778284797952, 'super_admin', '2025-03-21 09:06:52.765560', 'super_admin', '2025-03-21 09:06:52.765560', 1, 'Italian dessert with coffee and mascarpone.', 'https://www.themealdb.com/images/media/meals/tiramisu.jpg', 'Tiramisu', 8303687404716032),
      (8303782050234368, 'super_admin', '2025-03-21 09:08:47.678778', 'super_admin', '2025-03-21 09:08:47.678778', 1, 'Tender lamb chops grilled to perfection.', 'https://www.themealdb.com/images/media/meals/lamb_chops.jpg', 'Grilled Lamb Chops', 8303780592648192),
      (8303782272368640, 'super_admin', '2025-03-21 09:08:54.456807', 'super_admin', '2025-03-21 09:08:54.456807', 1, 'Rich and spicy lamb curry.', 'https://www.themealdb.com/images/media/meals/lamb_curry.jpg', 'Lamb Curry', 8303780592648192),
      (8303782475038720, 'super_admin', '2025-03-21 09:09:00.641422', 'super_admin', '2025-03-21 09:09:00.641422', 1, 'Slow-roasted lamb with rosemary.', 'https://www.themealdb.com/images/media/meals/roast_lamb.jpg', 'Roast Lamb', 8303780592648192),
      (8303784163672064, 'super_admin', '2025-03-21 09:09:52.174592', 'super_admin', '2025-03-21 09:09:52.174592', 1, 'Japanese sushi rolls with fresh fish.', 'https://www.themealdb.com/images/media/meals/sushi.jpg', 'Sushi Rolls', 8303765682356224),
      (8303784409366528, 'super_admin', '2025-03-21 09:09:59.672114', 'super_admin', '2025-03-21 09:09:59.672114', 1, 'Delicious pizza topped with fresh vegetables.', 'https://www.themealdb.com/images/media/meals/veggie_pizza.jpg', 'Vegetarian Pizza', 8303765682356224),
      (8303784621375488, 'super_admin', '2025-03-21 09:10:06.142009', 'super_admin', '2025-03-21 09:10:06.142009', 1, 'Japanese noodle soup with flavorful broth.', 'https://www.themealdb.com/images/media/meals/ramen.jpg', 'Ramen', 8303765682356224);